-- phpMyAdmin SQL Dump
-- version 5.2.1
-- https://www.phpmyadmin.net/
--
-- 主機： 127.0.0.1
-- 產生時間： 2025-06-01 05:45:40
-- 伺服器版本： 10.4.32-MariaDB
-- PHP 版本： 8.0.30

SET SQL_MODE = "NO_AUTO_VALUE_ON_ZERO";
START TRANSACTION;
SET time_zone = "+00:00";


/*!40101 SET @OLD_CHARACTER_SET_CLIENT=@@CHARACTER_SET_CLIENT */;
/*!40101 SET @OLD_CHARACTER_SET_RESULTS=@@CHARACTER_SET_RESULTS */;
/*!40101 SET @OLD_COLLATION_CONNECTION=@@COLLATION_CONNECTION */;
/*!40101 SET NAMES utf8mb4 */;

--
-- 資料庫： `fju`
--

-- --------------------------------------------------------

--
-- 資料表結構 `browse_history`
--

CREATE TABLE `browse_history` (
  `id` int(11) NOT NULL,
  `user_id` int(11) NOT NULL,
  `page_type` varchar(50) NOT NULL,
  `page_id` varchar(255) NOT NULL,
  `page_title` varchar(255) NOT NULL,
  `viewed_at` timestamp NOT NULL DEFAULT current_timestamp()
) ENGINE=InnoDB DEFAULT CHARSET=utf8mb4 COLLATE=utf8mb4_general_ci;

--
-- 傾印資料表的資料 `browse_history`
--

INSERT INTO `browse_history` (`id`, `user_id`, `page_type`, `page_id`, `page_title`, `viewed_at`) VALUES
(8, 0, 'department', '中國文學系', '中國文學系', '2025-05-25 09:20:13'),
(9, 0, 'department', '人文與社區創新學士學位學程', '人文與社區創新學士學位學程', '2025-05-25 09:22:05'),
(10, 0, 'department', '中國文學系', '中國文學系', '2025-05-25 09:22:09'),
(11, 0, 'department', '企業管理學系', '企業管理學系', '2025-05-25 09:22:26'),
(12, 0, 'department', '人工智慧與資訊安全學士學位學程', '人工智慧與資訊安全學士學位學程', '2025-05-25 09:22:29'),
(13, 0, 'department', '公共衛生學系', '公共衛生學系', '2025-05-25 09:24:55'),
(14, 0, 'department', '兒童與家庭學系', '兒童與家庭學系', '2025-05-25 09:28:31'),
(15, 0, 'department', '中國文學系', '中國文學系', '2025-05-25 09:37:13'),
(16, 0, 'department', '中國文學系', '中國文學系', '2025-05-25 09:41:59'),
(17, 0, 'department', '化學系', '化學系', '2025-05-25 09:43:40'),
(18, 5, 'department', '中國文學系', '中國文學系', '2025-05-25 11:22:26'),
(19, 5, 'department', '中國文學系', '中國文學系', '2025-05-25 11:22:27'),
(20, 5, 'department', '中國文學系', '中國文學系', '2025-05-25 11:23:53'),
(21, 5, 'department', '中國文學系', '中國文學系', '2025-05-25 11:44:39'),
(22, 5, 'department', '人工智慧與資訊安全學士學位學程', '人工智慧與資訊安全學士學位學程', '2025-05-25 11:53:17'),
(23, 5, 'department', '國際溝通與科技創新學士學位學程', '國際溝通與科技創新學士學位學程', '2025-05-25 12:00:31'),
(24, 5, 'department', '中國文學系', '中國文學系', '2025-05-25 12:08:00'),
(25, 5, 'department', '中國文學系', '中國文學系', '2025-05-25 12:34:17'),
(26, 0, 'department', '中國文學系', '中國文學系', '2025-05-25 12:39:07'),
(27, 0, 'department', '中國文學系', '中國文學系', '2025-05-25 12:40:45'),
(28, 0, 'department', '人工智慧與資訊安全學士學位學程', '人工智慧與資訊安全學士學位學程', '2025-05-25 14:28:18'),
(29, 0, 'department', '中國文學系', '中國文學系', '2025-05-25 14:59:46'),
(30, 2, 'department', '中國文學系', '中國文學系', '2025-05-25 19:14:58'),
(31, 0, 'department', '中國文學', '中國文學', '2025-05-26 06:52:51'),
(32, 0, 'department', '中國文學', '中國文學', '2025-05-26 06:52:53'),
(33, 0, 'department', '中國文學', '中國文學', '2025-05-26 06:52:54'),
(34, 0, 'department', '中國文學', '中國文學', '2025-05-26 06:52:55'),
(35, 0, 'department', '中國文學', '中國文學', '2025-05-26 06:52:55'),
(36, 0, 'department', '人工智慧與資訊安全學士學位學程', '人工智慧與資訊安全學士學位學程', '2025-05-26 06:53:09'),
(37, 0, 'department', '中國文學', '中國文學', '2025-05-26 06:53:14'),
(38, 0, 'department', '企業管理學系', '企業管理學系', '2025-05-26 06:53:21'),
(39, 0, 'department', '人工智慧與資訊安全學士學位學程', '人工智慧與資訊安全學士學位學程', '2025-05-26 06:53:37'),
(40, 0, 'department', '人工智慧與資訊安全學士學位學程', '人工智慧與資訊安全學士學位學程', '2025-05-26 06:55:10'),
(41, 0, 'department', '企業管理學系', '企業管理學系', '2025-05-26 06:55:22'),
(42, 0, 'department', '企業管理學系', '企業管理學系', '2025-05-26 06:56:19'),
(43, 0, 'department', '國際溝通與科技創新學士學位學程', '國際溝通與科技創新學士學位學程', '2025-05-26 06:56:26'),
(44, 0, 'department', '兒童與家庭學系', '兒童與家庭學系', '2025-05-26 06:56:32'),
(45, 0, 'department', '中國文學', '中國文學', '2025-05-26 07:03:04'),
(46, 0, 'department', '醫學系', '醫學系', '2025-05-26 07:04:18'),
(47, 0, 'department', '醫學系', '醫學系', '2025-05-26 07:14:22'),
(48, 0, 'department', '醫學資訊與創新應用學士學位學程', '醫學資訊與創新應用學士學位學程', '2025-05-26 07:18:14'),
(49, 0, 'department', '醫學系', '醫學系', '2025-05-26 08:09:02'),
(50, 0, 'department', '醫學系', '醫學系', '2025-05-26 08:20:40'),
(51, 0, 'department', '醫學資訊與創新應用學士學位學程', '醫學資訊與創新應用學士學位學程', '2025-05-26 08:21:54'),
(52, 0, 'department', '企業管理學系', '企業管理學系', '2025-05-26 08:22:11'),
(53, 0, 'department', '中國文學', '中國文學', '2025-05-26 08:23:36'),
(54, 0, 'department', '國際溝通與科技創新學士學位學程', '國際溝通與科技創新學士學位學程', '2025-05-26 08:24:43'),
(55, 0, 'department', '企業管理學系', '企業管理學系', '2025-05-26 08:27:54'),
(56, 0, 'department', '中國文學', '中國文學', '2025-05-26 08:28:25'),
(57, 0, 'department', '人工智慧與資訊安全學士學位學程', '人工智慧與資訊安全學士學位學程', '2025-05-26 08:30:55'),
(58, 0, 'department', '中國文學', '中國文學', '2025-05-26 08:31:04'),
(59, 0, 'department', '兒童與家庭學系', '兒童與家庭學系', '2025-05-26 08:31:15'),
(60, 0, 'department', '人工智慧與資訊安全學士學位學程', '人工智慧與資訊安全學士學位學程', '2025-05-26 08:31:21'),
(61, 0, 'department', '公共衛生學系', '公共衛生學系', '2025-05-26 08:31:27'),
(62, 0, 'department', '呼吸治療學系', '呼吸治療學系', '2025-05-26 08:31:35'),
(63, 0, 'department', '中國文學', '中國文學', '2025-05-26 08:43:04'),
(64, 0, 'department', '中國文學', '中國文學', '2025-05-26 08:48:11'),
(65, 0, 'department', '人文與社區創新學士學位學程', '人文與社區創新學士學位學程', '2025-05-26 08:48:21'),
(69, 6, 'department', '中國文學', '中國文學', '2025-05-26 09:03:21'),
(70, 6, 'department', '人工智慧與資訊安全學士學位學程', '人工智慧與資訊安全學士學位學程', '2025-05-26 09:03:27'),
(71, 6, 'department', '企業管理學系', '企業管理學系', '2025-05-26 09:03:31'),
(72, 9, 'department', '兒童與家庭學系', '兒童與家庭學系', '2025-05-26 10:51:53'),
(73, 9, 'department', '人文與社區創新學士學位學程', '人文與社區創新學士學位學程', '2025-05-26 10:51:58'),
(74, 6, 'department', '中國文學系', '中國文學系', '2025-05-26 10:59:35'),
(75, 6, 'discussion', '1', '123', '2025-05-26 11:03:07'),
(76, 6, 'department', '中國文學系', '中國文學系', '2025-05-26 11:11:28'),
(77, 6, 'department', '呼吸治療學系', '呼吸治療學系', '2025-05-26 11:11:34'),
(78, 6, 'department', '呼吸治療學系', '呼吸治療學系', '2025-05-26 11:11:46'),
(79, 6, 'department', '中國文學系', '中國文學系', '2025-05-26 11:50:13'),
(80, 6, 'discussion', '3', 'injkml,', '2025-05-26 12:12:35'),
(81, 6, 'department', '中國文學系', '中國文學系', '2025-05-26 12:15:14'),
(82, 6, 'department', '中國文學系', '中國文學系', '2025-05-26 12:20:24'),
(83, 6, 'department', '兒童與家庭學系', '兒童與家庭學系', '2025-05-26 13:38:06'),
(84, 6, 'department', '中國文學系', '中國文學系', '2025-05-26 13:40:52'),
(85, 6, 'department', '化學系', '化學系', '2025-05-26 13:40:58'),
(86, 6, 'department', '中國文學系', '中國文學系', '2025-05-26 13:45:08'),
(87, 12, 'department', '中國文學系', '中國文學系', '2025-05-28 12:25:29'),
(88, 12, 'department', '哲學系', '哲學系', '2025-05-28 12:25:38'),
(89, 12, 'department', '資訊管理學系', '資訊管理學系', '2025-05-28 12:29:39'),
(90, 12, 'department', '醫學系', '醫學系', '2025-05-28 12:30:17'),
(107, 13, 'department', '人工智慧與資訊安全學士學位學程', '人工智慧與資訊安全學士學位學程', '2025-05-29 07:31:20'),
(108, 13, 'discussion', '7', '111', '2025-05-29 07:39:43'),
(109, 13, 'department', '教育領導與科技發展學士學位學程', '教育領導與科技發展學士學位學程', '2025-05-29 07:51:59'),
(110, 13, 'department', '中國文學系', '中國文學系', '2025-05-29 07:53:40'),
(111, 13, 'department', '廣告傳播學系', '廣告傳播學系', '2025-05-29 07:54:42'),
(112, 13, 'department', '中國文學系', '中國文學系', '2025-05-29 07:59:47'),
(113, 13, 'department', '影像傳播學系', '影像傳播學系', '2025-05-29 08:17:55'),
(114, 13, 'discussion', '8', 'jj', '2025-05-29 08:26:51'),
(115, 13, 'department', '中國文學系', '中國文學系', '2025-05-29 08:36:36'),
(116, 13, 'discussion', '9', '1', '2025-05-29 08:54:03'),
(117, 13, 'department', '中國文學系', '中國文學系', '2025-05-30 05:43:47'),
(118, 13, 'department', '化學系', '化學系', '2025-05-30 05:43:54'),
(119, 13, 'department', '化學系', '化學系', '2025-05-30 05:46:29'),
(120, 13, 'department', '中國文學系', '中國文學系', '2025-05-30 06:05:55'),
(121, 13, 'department', '兒童與家庭學系', '兒童與家庭學系', '2025-05-30 06:05:58'),
(122, 13, 'department', '中國文學系', '中國文學系', '2025-05-30 15:28:30'),
(123, 13, 'department', '中國文學系', '中國文學系', '2025-05-30 16:10:32'),
(124, 13, 'department', '中國文學系', '中國文學系', '2025-05-30 16:11:18'),
(125, 13, 'department', '中國文學系', '中國文學系', '2025-05-30 16:41:19');

-- --------------------------------------------------------

--
-- 資料表結構 `compare_list`
--

CREATE TABLE `compare_list` (
  `id` int(11) NOT NULL,
  `user_id` int(11) NOT NULL,
  `department_name` varchar(255) NOT NULL,
  `created_at` timestamp NOT NULL DEFAULT current_timestamp()
) ENGINE=InnoDB DEFAULT CHARSET=utf8mb4 COLLATE=utf8mb4_general_ci;

--
-- 傾印資料表的資料 `compare_list`
--

INSERT INTO `compare_list` (`id`, `user_id`, `department_name`, `created_at`) VALUES
(4, 9, '兒童與家庭學系', '2025-05-26 10:51:50'),
(5, 9, '企業管理學系', '2025-05-26 10:51:51'),
(6, 9, '公共衛生學系', '2025-05-26 10:51:52'),
(10, 6, '人文與社區創新學士學位學程', '2025-05-26 11:52:22'),
(11, 6, '中國文學系', '2025-05-26 12:12:26'),
(12, 6, '人工智慧與資訊安全學士學位學程', '2025-05-26 12:12:27');

-- --------------------------------------------------------

--
-- 資料表結構 `departments`
--

CREATE TABLE `departments` (
  `id` int(11) NOT NULL,
  `name` varchar(100) NOT NULL,
  `intro` text NOT NULL,
  `careers` text NOT NULL,
  `url` varchar(255) NOT NULL,
  `college_name` varchar(50) DEFAULT NULL,
  `intro_summary` varchar(60) DEFAULT NULL
) ENGINE=InnoDB DEFAULT CHARSET=utf8mb4 COLLATE=utf8mb4_general_ci;

--
-- 傾印資料表的資料 `departments`
--

INSERT INTO `departments` (`id`, `name`, `intro`, `careers`, `url`, `college_name`, `intro_summary`) VALUES
(1, '中國文學系', '以古典與現當代漢語文學為主體，結合文獻學、比較文學、文本批評與數位人文方法，培養學生批判思考與創作能力。課程涵蓋先秦文獻、唐詩宋詞、小說戲劇及當代文學專題研究。', '[\"中 小學及大專院校教師\", \"出版／編輯、書評人\", \"文化創意產業（策展、公關）\", \"新聞傳播、數位內容編輯\", \"研究所深造、數位人文專案\"]', 'https://chinese.fju.edu.tw/', '文學院', '以古典與現當代漢語文學為主體，結合文獻學、比較文學、文本批評…'),
(2, '歷史學系', '聚焦東亞與世界史研究，從史料詮釋、歷史理論到田野調查，訓練學生理解社會變遷脈絡與文化互動。強調跨領域方法，並提供博物館學、文化遺產保存等實務課程。', '[\"博物館／檔案館典藏管理\", \"公部門文史研究、文化資產維護\", \"教育教職（中 小學／大學）\", \"文化觀光產業、導覽解說\", \"研究所、博士班深造\"]', 'https://www.history.fju.edu.tw/', '文學院', '探討歷史脈絡與文化變遷，理解東亞與世界發展'),
(3, '哲學系', '探究存在論、認識論、倫理學與政治哲學等核心議題，並結合邏輯學與科際人文，培養學生批判反思與論證能力。課程涵蓋西洋、中國及比較哲學傳統。', '[\"學術研究、哲學／倫理諮商\", \"公共政策分析、智庫研究\", \"法律事務、企業倫理顧問\", \"出版、文化創意規劃\", \"研究所深造\"]', 'https://www.philosophy.fju.edu.tw/', '文學院', '訓練哲理思辨與倫理實踐能力，涵蓋中西哲學傳統'),
(4, '人文與社區創新學士學位學程', '跨領域整合人文思維、社區營造與創新實踐，結合媒體、設計與社會行動，強調從在地觀察到方案執行全流程訓練。課程包含社區調查、文化策展與社會創新工作坊。', '[\"社區發展專案規劃師\", \"NGO／NPO 專案管理\", \"文化創意產業策展、行銷\", \"公共參與與政策推廣\", \"社區總體營造顧問\"]', 'https://hci.ourpower.com.tw/', '文學院', '整合人文思維與社區創新，強調跨域實作與觀察'),
(5, '音樂學系', '結合西洋音樂史、樂理、作曲與表演技術，並提供聲樂與各項器樂專業訓練。強調樂團合作與跨域表演實踐。', '[\"演奏家、樂團職員\", \"音樂教師、音樂治療師\", \"作曲／編曲、製作人\", \"藝術行政、文化推廣\", \"錄音／音響工程\"]', 'https://www.music.fju.edu.tw/', '藝術學院', '學習樂理與表演技巧，結合器樂與跨域藝術實踐'),
(6, '應用美術學系', '涵蓋平面設計、插畫、動畫、數位視覺與金工實作，強調創意思考與商業專案整合。提供實習與業界合作機會。', '[\"平面／網頁／動態設計師\", \"插畫家、動畫師\", \"藝術指導、視覺企劃\", \"產品／包裝設計\", \"自主創業、工作室\"]', 'https://www.aart.fju.edu.tw/', '藝術學院', '發展創意設計與美學實作能力，培養藝術表現力'),
(7, '景觀設計學系', '結合生態、環境與人文，培養公共空間、庭園及城市綠地規劃能力。強調實地調查、3D 模擬與跨域協作。', '[\"景觀設計師／規劃師\", \"都市／環境顧問\", \"公部門都市計畫人員\", \"園藝造景、休憩場域管理\", \"跨域綠能與永續發展顧問\"]', 'https://www.landscape.fju.edu.tw/', '藝術學院', '融合空間設計與生態永續，規劃城市與綠地景觀'),
(8, '新聞傳播學系', '訓練新聞採訪、編輯、播報與新媒體運用，並融合媒體倫理、公共議題與數位分析。', '[\"記者、編輯、主播\", \"媒體企劃、公關／危機管理\", \"數位內容策略師\", \"政府／NGO 傳播官\", \"自媒體經營者\"]', 'https://www.jcs.tw/', '傳播學院', '培養新聞採訪與媒體素養，強調時事與公共溝通'),
(9, '影像傳播學系', '教授電影、攝影、影像後製與新媒體敘事技術，強調腳本創作與跨平台發行。', '[\"導演、攝影師、剪輯師\", \"劇本／製片、影視剪接\", \"多媒體藝術家、VR／AR 內容創作\", \"廣告影像製作\", \"教學與研究\"]', 'https://www.commarts.fju.edu.tw/', '傳播學院', '訓練影像敘事與拍攝後製，融合創意與科技媒體'),
(10, '廣告傳播學系', '聚焦廣告策略、公關與整合行銷傳播，結合理論與實務專案，並強調數據驅動的創意發想。', '[\"廣告／公關公司策略規劃\", \"品牌經理、行銷企劃\", \"媒體採購、社群經營\", \"企業形象顧問\", \"數據分析與洞察師\"]', 'https://www.adpr.fju.edu.tw/', '傳播學院', '聚焦品牌策略與整合行銷，強調創意與數據應用'),
(11, '圖書資訊學系', '結合圖書館學、資訊組織、檔案治理與知識管理，培育數位典藏、資料分析與資訊檢索專才。', '[\"圖書館員、檔案管理師\", \"數位資源管理專員\", \"知識管理／資訊顧問\", \"資料分析師、檢索工程師\", \"學術出版與編輯\"]', 'https://web.lins.fju.edu.tw/', '教育與運動健康學院', '結合資訊組織與典藏管理，強化數位知識應用力'),
(12, '體育學系（體育學組）', '以體育教學理論與運動科學為核心，涵蓋運動生物力學、運動心理與體適能評估。', '[\"中 小學體育教師\", \"健康促進／體適能教練\", \"運動科學研究助理\", \"健身房／社區體育推廣人員\"]', 'https://www.phed.fju.edu.tw/', '教育與運動學院', '學習體育理論與教學技巧，涵蓋健康與體能訓練'),
(13, '體育學系（運動競技組）', '專注高階運動技能訓練、競賽策略與選手科學化管理，並輔以傷害防護與恢復。', '[\"職業／國家隊教練\", \"運動員經理人\", \"運動表現分析師\", \"運動賽事企劃\"]', 'https://www.phed.fju.edu.tw/', '教育與運動學院', '專業運動技能訓練與選手管理，結合科學實務'),
(14, '體育學系（運動健康管理組）', '整合運動處方、健康促進與長期照護，培養社區與商業健康服務規劃能力。', '[\"運動健康管理師\", \"健康促進中心企劃\", \"長照機構運動處方師\", \"運動器材行銷與顧問\"]', 'https://www.phed.fju.edu.tw/', '教育與運動學院', '強調運動處方與健康促進，培養照護規劃能力'),
(15, '教育領導與科技發展學士學位學程', '結合教育政策、領導學與教學科技，訓練數位學習平台開發、校務管理與教學設計能力。', '[\"校務行政、教育政策分析\", \"數位教材／教學系統開發\", \"企業／政府培訓設計師\", \"教學顧問、師資培育人員\"]', 'https://www.eltd.fju.edu.tw/', '教育與運動學院', '整合教育政策、數位科技與組織管理應用實務'),
(16, '公共衛生學系', '涵蓋流行病學、生物統計、環境與職業衛生、健康政策與行為科學，並強調跨領域防疫與健康促進。', '[\"公衛官員、CRO／藥廠研究\", \"環保／職業衛生技師\", \"健康促進與教育專員\", \"長照／社區健康管理\", \"碩博士深造\"]', 'https://www.medph.fju.edu.tw/', '醫學院', '涵蓋流行病學、生物統計、環境與職業衛生、健康政策與行為科學，…'),
(17, '醫學系', '六年制臨床與基礎醫學教育，包含解剖、生理、病理等核心課程，並在附設教學醫院完成綜合臨床實習。', '[\"住院醫師訓練（各科專科）\", \"臨床專科醫師\", \"醫院管理與醫務策劃\", \"醫學研究、教學\"]', 'https://www.med.fju.edu.tw/', '醫學院', '六年制醫學教育與臨床實習，培養專業醫療人才'),
(18, '護理學系', '結合理論與臨床實務，教授護理評估、護理流程與社區健康照護技術。', '[\"臨床護理師（各專科／ICU／急診）\", \"社區衛教師、長照護理師\", \"護理管理（護理長／督導）\", \"護理教育與研究\"]', 'https://www.nursing.fju.edu.tw/', '醫學院', '結合理論與實作，培養臨床與社區護理專業能力'),
(19, '職能治療學系', '以活動分析、職能介入與復健理論為基礎，配合兒童、精神與身心障礙者的功能恢復實務。', '[\"職能治療師（醫院、復健中心、早療）\", \"輔具中心／社福機構\", \"特教團隊成員\", \"研究與教學\"]', 'https://www.ot.fju.edu.tw/', '醫學院', '職能治療與復健介入專業，提升功能恢復技術力'),
(20, '臨床心理學系', '結合心理評估、心理治療理論與臨床實習，覆蓋個體與團體諮商技術及診斷評估。', '[\"臨床／諮商心理師（醫院、診所、學校）\", \"心理評估與輔導顧問\", \"UX / 人資或市場研究\", \"學術研究與教學\"]', 'https://www.cpsy.fju.edu.tw/', '醫學院', '心理評估與治療技術訓練，兼顧諮商與臨床應用'),
(21, '呼吸治療學系', '專注呼吸生理、呼吸器操作、重症照護與居家呼吸管理技術，並含睡眠醫學與肺功能檢測。', '[\"呼吸治療師（ICU、急診、睡眠中心）\", \"高壓氧技術員\", \"醫療器材研發／行銷\", \"居家療養服務\"]', 'https://www.drt.fju.edu.tw/', '醫學院', '學習呼吸照護與重症管理，具備醫療專業技能'),
(22, '英國語文學系', '以英美文學、語言學與跨文化溝通為主軸，結合文學賞析、語言教學法與專業翻譯訓練。強化口語、書寫與批判思維。', '[\"英語教師、補習班講師\", \"翻譯／口譯員\", \"國際企業／客服專員\", \"出版編輯、文化交流企劃\", \"研究所深造\"]', 'https://english.fju.edu.tw/', '外國語文學院', '精進英語溝通能力，涵蓋文學翻譯與語言教學'),
(23, '法國語文學系', '聚焦法語文學、法國文化與法語教學，並輔以歐洲研究、跨文化溝通與翻譯實務課程。', '[\"法語教師、翻譯／口譯\", \"外貿／駐外商務人員\", \"文化活動策劃／導覽\", \"出版、傳播媒體\", \"進修法國研究所\"]', 'https://www.fren.fju.edu.tw/', '外國語文學院', '法語語言與文化應用，輔以歐洲研究與翻譯實作'),
(24, '西班牙語文學系', '涵蓋西語文學、拉美文化與語言學理論，並提供翻譯、觀光與國際事務方向課程。', '[\"西語教師、翻譯／口譯\", \"觀光導遊、國貿專員\", \"多語內容編輯\", \"NGO／國際救援組織\", \"進修西語相關研究\"]', 'https://www.span.fju.edu.tw/', '外國語文學院', '學習西語文學與語言應用，融入拉美文化內涵'),
(25, '日本語文學系', '聚焦日本文學、文化研究與媒體語言，同時開設商務日語、翻譯與跨文化溝通課程。', '[\"日語教師、翻譯／口譯\", \"日系企業／貿易專員\", \"文化導覽、旅遊規劃\", \"媒體編輯、出版\", \"深造日本文學或跨域研究\"]', 'https://www.jp.fju.edu.tw/', '外國語文學院', '日本語言學習與文化理解，培養跨文化交流力'),
(26, '德語語文學系', '研究德國文學、思想史與語言學，並提供翻譯實務、歐盟事務與雙聯學程機會。', '[\"德語教師、翻譯／口譯\", \"歐盟事務助理、國際交流\", \"德系企業商務人員\", \"出版、學術助理\", \"深造歐洲研究\"]', 'https://www.de.fju.edu.tw/', '外國語文學院', '德語語言與德國文化應用，結合歐洲事務理解'),
(27, '義大利語文學系', '以義大利文學藝術、文化史與語言教學為主，並開設設計、旅遊與跨文化課程。', '[\"義語教師、翻譯／口譯\", \"藝術文化導覽、博物館遊程策劃\", \"義系企業／貿易專員\", \"出版策展、學術研究\"]', 'https://www.italy.fju.edu.tw/', '外國語文學院', '義大利語文藝術與文化導覽，結合設計與觀光'),
(28, '國際溝通與科技創新學士學位學程', '結合企業管理、國際行銷與科技創新，並強調跨文化溝通與專案管理實務。', '[\"國際業務／行銷專員\", \"科技產品企劃與管理\", \"數位轉型顧問\", \"進修MBA或管理類研究所\"]', 'https://fjucflvd.wixsite.com/', '外國語文學院', '結合行銷、管理與科技，強調跨文化溝通實務'),
(29, '織品服裝學系（織品服飾行銷組）', '從紡織材料、流行趨勢到品牌行銷，培養服飾產業市場研究與行銷策劃能力。', '[\"服飾品牌行銷／企劃\", \"流行趨勢分析師\", \"零售營運、貿易專員\", \"自主品牌創業\"]', 'https://www.tc.fju.edu.tw/', '民生學院', '培養服飾品牌行銷能力，了解流行趨勢與產業'),
(30, '織品服裝學系（服飾設計組）', '強調服裝設計原理、立體裁剪與視覺呈現，並結合數位製圖與成衣打版實作。', '[\"服裝設計師、打版師\", \"成衣開發、設計顧問\", \"時尚攝影助理\", \"自主設計工作室\"]', 'https://www.tc.fju.edu.tw/', '民生學院', '學習服裝設計與打版技巧，強調時尚創意實作'),
(31, '織品服裝學系（織品設計組）', '聚焦紡織品開發與創新印染技術，從纖維化學到數位織染，並融入跨域藝術實踐。', '[\"紡織品研發工程師\", \"印染／織機技術員\", \"面料設計與測試\", \"時尚與家用紡織品牌顧問\"]', 'https://www.tc.fju.edu.tw/', '民生學院', '研究纖維技術與織品創新，結合材料與設計'),
(32, '餐旅管理學系', '涵蓋餐旅業營運管理、服務設計、廚務與住宿管理，並強調跨文化服務與數位化經營。', '[\"飯店／餐廳經營管理\", \"旅遊規劃／票務特派\", \"餐飲顧問、宴會企劃\", \"OTA 平台／旅遊科技業\", \"導遊／領隊\"]', 'https://www.rhim.fju.edu.tw/', '民生學院', '涵蓋餐旅管理與跨文化服務，強調實務與創新'),
(33, '食品科學系', '從食品化學、微生物、安全檢驗到食品加工技術，培養產品開發與品質管控專才。', '[\"食品研發／品管工程師\", \"食品安全檢驗人員\", \"食品營養／標示顧問\", \"食品生產／包裝技術主管\", \"研究所深造\"]', 'https://www.fs.fju.edu.tw/', '民生學院', '從食品研發到檢驗實務，涵蓋品質與營養設計'),
(34, '兒童與家庭學系', '從家庭與兒童發展理論、社會政策到實務工作，培養學生掌握兒童福利、家庭研究與社會干預技術。課程包含心理評估、社區訪談與專案管理。', '[\"兒童福利專員\", \"家庭輔導員\", \"社工師\", \"早期教育工作者\", \"研究所深造\"]', 'https://www.cfs.fju.edu.tw/', '民生學院', '探討兒童發展與家庭服務，強調社會介入實務'),
(35, '營養科學系', '結合人體營養、生理生化與公共衛生，以臨床營養與社區健康為導向，並含運動營養與餐飲規劃。', '[\"臨床營養師（醫院、診所）\", \"社區健康促進師\", \"餐飲營養顧問\", \"食品公司／保健產業研發\", \"營養學研究所\"]', 'https://www.ns.fju.edu.tw/', '民生學院', '臨床與社區營養規劃，強調健康促進與飲食設計'),
(36, '法律學系', '涵蓋民法、刑法、憲法與行政法等基礎法學理論與實務，並提供模擬法庭與法律診所實作。', '[\"律師、檢察官、法官\", \"法務專員、企業法務\", \"公職（司法體系）\", \"法律研究與教學\"]', 'https://www.laws.fju.edu.tw/', '法律學院', '學習民刑公法與訴訟實務，培養法律專業素養'),
(37, '財經法律學系', '結合法律與商業實務，聚焦公司法、證券法、稅法與金融監管，並強調案例分析與模擬實務。', '[\"企業法務、證券／投資銀行法務\", \"金融監理、稅務顧問\", \"合規（compliance）專員\", \"律所或內部法律顧問\"]', 'https://www.financelaw.fju.edu.tw/', '法律學院', '學習民刑公法與訴訟實務，培養法律專業素養'),
(38, '心理學系', '以心理學理論、實驗方法與統計分析為基礎，涵蓋認知、發展、社會與臨床心理學。', '[\"一般諮商／工業組織心理師\", \"市場研究與使用者體驗（UX）\", \"人資顧問、組織發展專員\", \"學術研究與教育\"]', 'https://psy.fju.edu.tw/', '理工學院', '心理評估與治療技術訓練，兼顧諮商與臨床應用'),
(39, '社會工作學系', '訓練社會福利政策、個案管理與社區工作實務，並強調田野實習與多元服務系統合作。', '[\"社工督導、個案管理師\", \"社福／長照機構專員\", \"NGO／NPO 項目經理\", \"社會政策分析與研究\"]', 'https://www.soci.fju.edu.tw/', '民生學院', '訓練社會福利政策、個案管理與社區工作實務，並強調田野實習與多…'),
(40, '天主教研修學士學位學程', '以天主教文化、神學與社會教義為核心，並結合社會實踐與志工服務。', '[\"教會／社福機構服務人員\", \"教育／宗教文化推廣\", \"NGO／志工服務管理\", \"進修神學或宗教研究\"]', 'https://bpcs.fju.edu.tw/', '社會科學院', '認識天主教神學文化，並實踐志工與社會服務'),
(41, '社會學系', '研究社會結構、文化、階層與變遷，並運用定性與定量研究方法解析當代社會議題。', '[\"社會調查與研究分析師\", \"政府／智庫研究人員\", \"品牌與市場洞察專員\", \"NGO／社團企劃\"]', 'https://www.soci.fju.edu.tw/', '社會科學院', '探討社會結構與文化現象，應用於政策與研究'),
(42, '經濟學系', '涵蓋微觀、宏觀、計量經濟與產業經濟學，並強調實證研究與政策評估。', '[\"金融分析師、經濟研究員\", \"政府經建／央行／公營事業\", \"企業策略與市場分析\", \"研究所、博士班深造\"]', 'https://www.economics.fju.edu.tw/', '社會科學院', '學習經濟理論與計量實作，分析市場與政策效應'),
(43, '宗教學系', '從宗教史、宗教哲學到東西方宗教比較與當代宗教社會學，訓練跨文化理解與宗教對話能力。', '[\"宗教研究、文化策展\", \"NGO／人權組織專員\", \"教育與出版\", \"跨宗教對話與諮詢\"]', 'https://www.rsd.fju.edu.tw/', '社會科學院', '宗教思想與社會文化研究，培養多元理解與對話'),
(44, '金融與國際企業學系', '聚焦金融市場、投資組合管理與跨國企業策略，結合風險管理與財務工程工具。', '[\"投資銀行／證券分析師\", \"風險管理／資產管理\", \"跨國企業財務專員\", \"研究所深造\"]', 'https://www.fib.fju.edu.tw/', '社會科學院', '投資理財與國際企業管理，強調跨境專業能力'),
(45, '企業管理學系', '涵蓋組織行為、戰略管理、行銷與運營管理，並輔以實習與企業個案研究。', '[\"企業策略／行銷／人資專員\", \"管理顧問、專案經理\", \"企業家／新創團隊核心\", \"研究所或MBA\"]', 'https://www.management.fju.edu.tw/subweb/mba/', '管理學院', '涵蓋組織行為、戰略管理、行銷與運營管理，並輔以實習與企業個案…'),
(46, '會計學系', '聚焦財務會計、管理會計、審計與稅務，並注重法規遵循與資訊系統應用。', '[\"公（勤）會計師、內部稽核\", \"企業會計／財務分析師\", \"稅務顧問、財務顧問\", \"研究所深造\"]', 'https://www.management.fju.edu.tw/subweb/acct/', '管理學院', '學習財報分析與稅務實務，掌握審計與內控技巧'),
(47, '資訊管理學系', '結合資訊系統分析、資料庫、電子商務與企業資源規劃，培養IT與管理雙重能力。', '[\"系統分析師、專案經理\", \"資料庫管理／BI 分析師\", \"電子商務／數位行銷\", \"IT 咨詢顧問\"]', 'https://www.im.fju.edu.tw/', '管理學院', '結合資訊系統分析、資料庫、電子商務與企業資源規劃，培養IT與…'),
(48, '統計資訊學系', '以機率統計理論、大數據分析與資料挖掘為基礎，並應用於金融、生醫與行銷研究。', '[\"資料科學家、統計分析師\", \"風險模型開發、精算師\", \"市調／市場分析\", \"研究所深造\"]', 'https://www.stat.fju.edu.tw/', '管理學院', '資料分析與應用統計訓練，支援商業與科學決策'),
(49, '醫學資訊與創新應用學士學位學程', '融合醫學、資訊技術與創新應用，涵蓋醫療大數據、AI診療輔助、數位病歷與遠距醫療系統設計。', '[\"醫療資訊系統開發／管理\", \"數位健康產品企劃\", \"醫療大數據分析師\", \"遠距醫療與智慧醫院規劃\"]', 'https://www.miia.fju.edu.tw/', '理工學院', '六年制醫學教育與臨床實習，培養專業醫療人才'),
(50, '電機工程學系', '教授電路、電子、通訊與控制系統，並結合軟硬體整合與嵌入式系統開發實務。', '[\"通信／半導體／電力工程師\", \"控制系統／自動化工程師\", \"嵌入式軟硬體開發\", \"研究所與產學合作\"]', 'https://www.ee.fju.edu.tw/', '理工學院', '電路控制與通訊技術訓練，涵蓋電力與自動化'),
(51, '數學系（資訊數學組）', '結合數學理論與計算方法，涵蓋演算法分析、密碼學與金融數學等應用領域。', '[\"演算法工程師、資料科學家\", \"金融工程／風險管理\", \"學術研究與教學\", \"進修應用數學或資訊相關研究\"]', 'https://www.math.fju.edu.tw/', '理工學院', '資訊數學理論與應用，結合密碼與演算法分析'),
(52, '數學系（應用數學組）', '以數值分析、優化方法與科學計算為主，並應用於物理、工程與社會科學問題模型。', '[\"科學計算工程師\", \"最佳化顧問、數值模擬分析\", \"學術研究與產學合作\", \"進修應用領域博士班\"]', 'https://www.math.fju.edu.tw/', '理工學院', '應用數學建模與計算，涵蓋最佳化與分析能力'),
(53, '生命科學系', '涵蓋分子生物、細胞生物、基因體學與生物技術，並提供跨實驗室研究與產學合作。', '[\"生技研發／品管工程師\", \"醫藥公司研發、CRO\", \"生物資訊與基因體研究\", \"研究所、博士班深造\"]', 'https://www.bio.fju.edu.tw/', '理工學院', '生命科學研究與技術應用，強調跨域實驗實作'),
(54, '物理學系（物理組）', '以理論物理與實驗物理為基礎，強調經典力學、量子力學與電磁學研究訓練。', '[\"基礎研究助理\", \"儀器研發工程師\", \"學術研究與教學\", \"產業研發單位\"]', 'https://www.phy.fju.edu.tw/', '理工學院', '物理理論與實驗操作，培養科研與邏輯能力'),
(55, '物理學系（光電物理組）', '聚焦光學、光電材料與雷射技術，並結合實驗操作與產業應用。', '[\"光電元件研發工程師\", \"通信／光纖／感測器技術員\", \"半導體製程研發\", \"國家實驗室與教學\"]', 'https://www.phy.fju.edu.tw/', '理工學院', '研究光電材料與技術，應用於通訊與半導體'),
(56, '物理學系（電子物理組）', '研究半導體物理、奈米電子與微電子製程，並涵蓋材料科學與儀器開發。', '[\"半導體研發工程師\", \"晶片設計／測試工程師\", \"國家實驗室／研究所\", \"教學與產學合作\"]', 'https://www.phy.fju.edu.tw/', '理工學院', '電子元件與材料技術研究，結合微電子製程'),
(57, '化學系', '涵蓋有機、無機、高分子與分析化學，並強調實驗操作與化學工程基礎。', '[\"化工／材料研發工程師\", \"分析檢驗、品質管控\", \"製藥／生技公司研發\", \"研究所深造\"]', 'https://ch.fju.edu.tw/', '理工學院', '學習化學理論與實驗技能，應用於材料與檢測'),
(58, '資訊工程學系', '以程式設計、演算法、作業系統與人工智慧為主軸，並強調大規模系統與雲端應用。', '[\"軟體工程師、系統架構師\", \"人工智慧／機器學習工程師\", \"資料庫／後端開發\", \"研究所或新創技術研發\"]', 'https://csie2.fju.edu.tw/', '理工學院', '程式設計與AI技術應用，訓練系統與軟體開發'),
(59, '人工智慧與資訊安全學士學位學程', '結合機器學習、深度學習與資安理論，涵蓋入侵偵測、區塊鏈與數位鑑識實務。', '[\"資安工程師、滲透測試師\", \"AI 產品開發與研究\", \"區塊鏈應用開發\", \"研究所深造\"]', 'https://www.ais.fju.edu.tw/', '理工學院', '學習AI技術與資安應用，結合機器學習實務'),
(60, '跨領域全英語學士學位學程', '以英語為授課語言，整合管理、科技、社會科學與人文議題，強調全球視野與跨文化交流。', '[\"國際業務／專案經理\", \"全球 NGO／國際組織\", \"跨國企業／諮詢顧問\", \"海外深造與交換\"]', 'https://bpis.fju.edu.tw/', '國際學院', '英語授課與跨域整合，強調國際化與實作能力');

-- --------------------------------------------------------

--
-- 資料表結構 `departmenttransfer`
--

CREATE TABLE `departmenttransfer` (
  `id` int(11) NOT NULL,
  `department_name` varchar(255) NOT NULL,
  `department_intro` text DEFAULT '暫無簡介',
  `year_2_enrollment` int(11) DEFAULT NULL,
  `year_3_enrollment` int(11) DEFAULT NULL,
  `year_4_enrollment` int(11) DEFAULT NULL,
  `exam_subjects` text DEFAULT NULL,
  `data_review_ratio` varchar(255) DEFAULT NULL,
  `dept_id` int(11) NOT NULL,
  `notes` text DEFAULT NULL
) ENGINE=InnoDB DEFAULT CHARSET=utf8mb4 COLLATE=utf8mb4_general_ci;

--
-- 傾印資料表的資料 `departmenttransfer`
--

INSERT INTO `departmenttransfer` (`id`, `department_name`, `department_intro`, `year_2_enrollment`, `year_3_enrollment`, `year_4_enrollment`, `exam_subjects`, `data_review_ratio`, `dept_id`, `notes`) VALUES
(1, '中國文學系', '暫無簡介', 1, 2, 3, '口試', NULL, 1, ''),
(2, '歷史學系', '暫無簡介', 10, 5, NULL, '口試', NULL, 2, '1. 學業成績：平均成績達 75 分以上\n2. 必修科目：中國通史、世界通史、史學方法\n3. 考試科目：國文、中國通史、世界通史\n4. 面試：口試（佔總成績 30%）\n5. 其他要求：需提交讀書計畫與研究計畫'),
(3, '哲學系', '暫無簡介', 10, 5, 3, '口試', NULL, 3, '1. 學業成績：平均成績達 75 分以上\n2. 必修科目：哲學概論、邏輯學、倫理學\n3. 考試科目：國文、哲學概論、邏輯學\n4. 面試：口試（佔總成績 30%）\n5. 其他要求：需提交讀書計畫與研究計畫'),
(4, '人文與社區創新學士學位學程', '暫無簡介', 5, 1, 1, '口試', NULL, 4, NULL),
(5, '音樂學系', '暫無簡介', 3, NULL, NULL, '和聲學／聽寫／視唱（主修術科）', NULL, 5, '1. 學業成績：平均成績達 75 分以上\n2. 必修科目：音樂理論、和聲學、音樂史\n3. 考試科目：音樂理論、和聲學、音樂史\n4. 面試：口試（佔總成績 30%）\n5. 其他要求：需提交讀書計畫與研究計畫'),
(6, '應用美術學系', '暫無簡介', 4, NULL, NULL, '基礎素描（術科100%）', NULL, 6, '1. 學業成績：平均成績達 75 分以上\n2. 必修科目：美術史、設計概論、色彩學\n3. 考試科目：美術史、設計概論、色彩學\n4. 面試：口試（佔總成績 30%）\n5. 其他要求：需提交讀書計畫與研究計畫'),
(7, '景觀設計學系', '暫無簡介', 5, NULL, NULL, '口試（100%）', NULL, 7, '1. 學業成績：平均成績達 75 分以上\n2. 必修科目：景觀設計、環境規劃、植物學\n3. 考試科目：景觀設計、環境規劃、植物學\n4. 面試：口試（佔總成績 30%）\n5. 其他要求：需提交讀書計畫與研究計畫'),
(8, '新聞傳播學系', '暫無簡介', 3, NULL, NULL, '口試', NULL, 8, '1. 學業成績：平均成績達 75 分以上\n2. 必修科目：新聞學、傳播理論、新聞寫作\n3. 考試科目：新聞學、傳播理論、新聞寫作\n4. 面試：口試（佔總成績 30%）\n5. 其他要求：需提交讀書計畫與研究計畫'),
(9, '影像傳播學系', '暫無簡介', 3, NULL, NULL, '口試70%；資料審查30%', NULL, 9, NULL),
(10, '廣告傳播學系', '暫無簡介', 4, NULL, NULL, '口試', NULL, 10, '1. 學業成績：平均成績達 75 分以上\n2. 必修科目：廣告學、行銷學、創意設計\n3. 考試科目：廣告學、行銷學、創意設計\n4. 面試：口試（佔總成績 30%）\n5. 其他要求：需提交讀書計畫與研究計畫'),
(11, '圖書資訊學系', '暫無簡介', 5, 5, NULL, '口試', NULL, 11, '1. 學業成績：平均成績達 75 分以上\n2. 必修科目：程式設計、資料結構、計算機概論\n3. 考試科目：程式設計、資料結構、計算機概論\n4. 面試：口試（佔總成績 30%）\n5. 其他要求：需提交讀書計畫與研究計畫'),
(12, '體育學系（體育學組）', '暫無簡介', 3, 3, 3, '資料審查（100%）', NULL, 12, '1. 學業成績：平均成績達 75 分以上\n2. 必修科目：體育理論、運動生理學、運動心理學\n3. 考試科目：體育理論、運動生理學、運動心理學\n4. 面試：口試（佔總成績 30%）\n5. 其他要求：需提交讀書計畫與研究計畫'),
(13, '體育學系（運動競技組）', '暫無簡介', 3, 3, 3, '資料審查（100%）', NULL, 13, '1. 學業成績：平均成績達 75 分以上\n2. 必修科目：體育理論、運動生理學、運動心理學\n3. 考試科目：體育理論、運動生理學、運動心理學\n4. 面試：口試（佔總成績 30%）\n5. 其他要求：需提交讀書計畫與研究計畫'),
(14, '體育學系（運動健康管理組）', '暫無簡介', 3, 3, 3, '資料審查（100%）', NULL, 14, '1. 學業成績：平均成績達 75 分以上\n2. 必修科目：體育理論、運動生理學、運動心理學\n3. 考試科目：體育理論、運動生理學、運動心理學\n4. 面試：口試（佔總成績 30%）\n5. 其他要求：需提交讀書計畫與研究計畫'),
(15, '教育領導與科技發展學士學位學程', '暫無簡介', 7, 7, NULL, '口試60%；資料審查40%', NULL, 15, '1. 學業成績：平均成績達 75 分以上\n2. 必修科目：教育學、教育心理學、教育行政\n3. 考試科目：教育學、教育心理學、教育行政\n4. 面試：口試（佔總成績 30%）\n5. 其他要求：需提交讀書計畫與研究計畫'),
(16, '公共衛生學系', '暫無簡介', 2, 2, NULL, '口試', '成績單、自傳 (含轉系動機)、讀書計畫', 16, '1. 學業成績：平均成績達 75 分以上\n2. 必修科目：公共衛生學、流行病學、衛生行政\n3. 考試科目：公共衛生學、流行病學、衛生行政\n4. 面試：口試（佔總成績 30%）\n5. 其他要求：需提交讀書計畫與研究計畫'),
(17, '醫學系', '暫無簡介', 2, NULL, NULL, '普通化學／普通生物／英文，筆試成績須達本系招生試務委員會審定之最低標準分數始得參加面試', '歷年成績單(含名次)、自傳 (含讀書計畫、大學期間之社會服務證明及其他有利審查資料)。(書面審查請於醫學系網頁下載表格填寫)', 17, '1. 學業成績：平均成績達 75 分以上\n2. 必修科目：解剖學、生理學、病理學\n3. 考試科目：解剖學、生理學、病理學\n4. 面試：口試（佔總成績 30%）\n5. 其他要求：需提交讀書計畫與研究計畫'),
(18, '護理學系', '暫無簡介', 5, NULL, NULL, '口試40%；資料審查60%', '1.歷年成績單（含國文及英文成績）2.讀書計畫', 18, '1. 學業成績：平均成績達 75 分以上\n2. 必修科目：護理學、解剖學、生理學\n3. 考試科目：護理學、解剖學、生理學\n4. 面試：口試（佔總成績 30%）\n5. 其他要求：需提交讀書計畫與研究計畫'),
(19, '職能治療學系', '暫無簡介', 5, NULL, NULL, '口試（含轉系動機與生涯規劃或英文測驗）', '1.成績單 2.自傳', 19, NULL),
(20, '臨床心理學系', '暫無簡介', 4, NULL, NULL, '口試', '1.歷年成績單 (含名次) 2.自傳 (含轉系動機)', 20, '1. 學業成績：平均成績達 75 分以上\n2. 必修科目：普通心理學、發展心理學、社會心理學\n3. 考試科目：普通心理學、發展心理學、社會心理學\n4. 面試：口試（佔總成績 30%）\n5. 其他要求：需提交讀書計畫與研究計畫'),
(21, '呼吸治療學系', '暫無簡介', 2, NULL, NULL, '口試40%；資料審查60%', '1.歷年成績單 (含名次) 2.自傳（含讀書計畫、大學期間之社會服務證明及其他有利審查資料)', 21, NULL),
(22, '英國語文學系', '暫無簡介', 3, NULL, NULL, '英文作文／英語面試', NULL, 22, NULL),
(23, '法國語文學系', '暫無簡介', 3, NULL, NULL, '口試', NULL, 23, NULL),
(24, '西班牙語文學系', '暫無簡介', 3, NULL, NULL, '西語短文閱讀與寫作／口試', NULL, 24, NULL),
(25, '日本語文學系', '暫無簡介', 6, NULL, NULL, '基礎日文30%／口試70%', NULL, 25, NULL),
(26, '德語語文學系', '暫無簡介', 11, NULL, NULL, '資料審查（100%）', NULL, 26, NULL),
(27, '義大利語文學系', '暫無簡介', 8, NULL, NULL, '面試', NULL, 27, NULL),
(28, '國際溝通與科技創新學士學位學程', '暫無簡介', 5, NULL, NULL, '英文筆試／口試', NULL, 28, NULL),
(29, '織品服裝學系（服飾行銷組）', '暫無簡介', 6, NULL, NULL, '口試', NULL, 0, '1. 學業成績：平均成績達 75 分以上\n2. 必修科目：織品設計、紡織材料、服裝設計\n3. 考試科目：織品設計、紡織材料、服裝設計\n4. 面試：口試（佔總成績 30%）\n5. 其他要求：需提交讀書計畫與研究計畫'),
(30, '織品服裝學系（服飾設計組）', '暫無簡介', 3, NULL, NULL, '口試', NULL, 30, '1. 學業成績：平均成績達 75 分以上\n2. 必修科目：織品設計、紡織材料、服裝設計\n3. 考試科目：織品設計、紡織材料、服裝設計\n4. 面試：口試（佔總成績 30%）\n5. 其他要求：需提交讀書計畫與研究計畫'),
(31, '織品服裝學系（織品設計組）', '暫無簡介', 3, NULL, NULL, '口試', NULL, 31, '1. 學業成績：平均成績達 75 分以上\n2. 必修科目：織品設計、紡織材料、服裝設計\n3. 考試科目：織品設計、紡織材料、服裝設計\n4. 面試：口試（佔總成績 30%）\n5. 其他要求：需提交讀書計畫與研究計畫'),
(32, '餐旅管理學系', '暫無簡介', 6, NULL, NULL, '口試60%；資料審查40%', NULL, 32, NULL),
(33, '食品科學系', '暫無簡介', 9, NULL, NULL, '口試', '1.歷年成績單(含名次) 2.食科系轉系生專用申請表', 33, '1. 學業成績：平均成績達 75 分以上\n2. 必修科目：食品化學、食品微生物、食品加工\n3. 考試科目：食品化學、食品微生物、食品加工\n4. 面試：口試（佔總成績 30%）\n5. 其他要求：需提交讀書計畫與研究計畫'),
(34, '兒童與家庭學系', '暫無簡介', 3, NULL, NULL, '口試', '1.學生個人資料表。(請於兒家系網頁中下載)2.成績單(含成績百分比)', 34, NULL),
(35, '營養科學系', '暫無簡介', 6, NULL, NULL, '口試', '1.歷年成績單2.營養系轉系生專用資料表', 35, '1. 學業成績：平均成績達 75 分以上\n2. 必修科目：營養學、食品化學、人體生理學\n3. 考試科目：營養學、食品化學、人體生理學\n4. 面試：口試（佔總成績 30%）\n5. 其他要求：需提交讀書計畫與研究計畫'),
(36, '法律學系', '暫無簡介', 6, NULL, NULL, '民法總則／成績單', '歷年成績單正本(含名次)', 36, '1. 學業成績：平均成績達 75 分以上\n2. 必修科目：民法、刑法、憲法\n3. 考試科目：民法、刑法、憲法\n4. 面試：口試（佔總成績 30%）\n5. 其他要求：需提交讀書計畫與研究計畫'),
(37, '財經法律學系', '暫無簡介', 3, NULL, NULL, '民法總則／成績單', '歷年成績單正本(含名次)', 37, '1. 學業成績：平均成績達 75 分以上\n2. 必修科目：民法、刑法、憲法\n3. 考試科目：民法、刑法、憲法\n4. 面試：口試（佔總成績 30%）\n5. 其他要求：需提交讀書計畫與研究計畫'),
(38, '心理學系', '暫無簡介', 3, NULL, NULL, '普通心理學50%／口試50%', NULL, 38, '1. 學業成績：平均成績達 75 分以上\n2. 必修科目：普通心理學、發展心理學、社會心理學\n3. 考試科目：普通心理學、發展心理學、社會心理學\n4. 面試：口試（佔總成績 30%）\n5. 其他要求：需提交讀書計畫與研究計畫'),
(39, '社會工作學系', '暫無簡介', 3, NULL, NULL, '口試50%／資料審查50%', NULL, 39, '1. 學業成績：平均成績達 75 分以上\n2. 必修科目：社會學、社會研究方法、社會心理學\n3. 考試科目：社會學、社會研究方法、社會心理學\n4. 面試：口試（佔總成績 30%）\n5. 其他要求：需提交讀書計畫與研究計畫'),
(40, '天主教研修學士學位學程', '暫無簡介', 2, 2, NULL, '資料審查（100%）', NULL, 40, NULL),
(41, '社會學系', '暫無簡介', 3, NULL, NULL, '資料審查（100%）', '含排名之歷年成績單正本、自傳、讀書計畫', 41, '1. 學業成績：平均成績達 75 分以上\n2. 必修科目：社會學、社會研究方法、社會心理學\n3. 考試科目：社會學、社會研究方法、社會心理學\n4. 面試：口試（佔總成績 30%）\n5. 其他要求：需提交讀書計畫與研究計畫'),
(42, '經濟學系', '暫無簡介', 5, NULL, NULL, '口試70%／資料審查30%', NULL, 42, NULL),
(43, '宗教學系', '暫無簡介', 6, 6, NULL, '口試', '自傳、讀書計畫', 43, NULL),
(44, '金融與國際企業學系', '暫無簡介', 6, NULL, NULL, '口試50%／資料審查50%', NULL, 44, '1. 學業成績：平均成績達 75 分以上\n2. 必修科目：金融學、投資學、財務管理\n3. 考試科目：金融學、投資學、財務管理\n4. 面試：口試（佔總成績 30%）\n5. 其他要求：需提交讀書計畫與研究計畫'),
(45, '企業管理學系', '暫無簡介', 10, NULL, NULL, '口試50%／資料審查50%', NULL, 45, NULL),
(46, '會計學系', '暫無簡介', 5, NULL, NULL, '口試70%／資料審查30%', NULL, 46, '1. 學業成績：平均成績達 75 分以上\n2. 必修科目：會計學、成本會計、審計學\n3. 考試科目：會計學、成本會計、審計學\n4. 面試：口試（佔總成績 30%）\n5. 其他要求：需提交讀書計畫與研究計畫'),
(47, '資訊管理學系', '暫無簡介', 5, NULL, NULL, '口試50%／資料審查50%', NULL, 47, '1. 學業成績：平均成績達 75 分以上\n2. 必修科目：程式設計、資料結構、計算機概論\n3. 考試科目：程式設計、資料結構、計算機概論\n4. 面試：口試（佔總成績 30%）\n5. 其他要求：需提交讀書計畫與研究計畫'),
(48, '統計資訊學系', '暫無簡介', 5, NULL, NULL, '統計學40%／口試60%', NULL, 48, '1. 學業成績：平均成績達 75 分以上\n2. 必修科目：程式設計、資料結構、計算機概論\n3. 考試科目：程式設計、資料結構、計算機概論\n4. 面試：口試（佔總成績 30%）\n5. 其他要求：需提交讀書計畫與研究計畫'),
(49, '醫學資訊與創新應用學士學位學程', '暫無簡介', 10, 1, NULL, NULL, '1.附歷年成績單正本一份。2.附自傳一份 (含申請動機)。3.附讀 書計畫一份。', 49, '1. 學業成績：平均成績達 75 分以上\n2. 必修科目：解剖學、生理學、病理學\n3. 考試科目：解剖學、生理學、病理學\n4. 面試：口試（佔總成績 30%）\n5. 其他要求：需提交讀書計畫與研究計畫'),
(50, '電機工程學系', '暫無簡介', 5, 2, NULL, NULL, '1.歷年成績單(含班排名表)正本一份。2.自傳讀書計畫(詳述大一至今求學經驗、轉系動機、學習規劃及未來生涯規劃)。', 50, NULL),
(51, '數學系資訊數學組', '暫無簡介', 11, 11, NULL, '口試', '歷年成績單(含排名)', 51, '1. 學業成績：平均成績達 75 分以上\n2. 必修科目：微積分、線性代數、機率論\n3. 考試科目：微積分、線性代數、機率論\n4. 面試：口試（佔總成績 30%）\n5. 其他要求：需提交讀書計畫與研究計畫'),
(52, '數學系應用數學組', '暫無簡介', 10, 9, NULL, '口試', '歷年成績單(含排名)', 52, '1. 學業成績：平均成績達 75 分以上\n2. 必修科目：微積分、線性代數、機率論\n3. 考試科目：微積分、線性代數、機率論\n4. 面試：口試（佔總成績 30%）\n5. 其他要求：需提交讀書計畫與研究計畫'),
(53, '生命科學系', '暫無簡介', 21, 19, 19, '口試', '歷年成績單(含排名)', 53, NULL),
(54, '物理學系物理組', '暫無簡介', 0, 9, 7, '口試', '歷年成績單(含排名)', 54, '1. 學業成績：平均成績達 75 分以上\n2. 必修科目：普通物理、電磁學、量子力學\n3. 考試科目：普通物理、電磁學、量子力學\n4. 面試：口試（佔總成績 30%）\n5. 其他要求：需提交讀書計畫與研究計畫'),
(55, '物理學系光電物理組', '暫無簡介', 12, 12, 11, '口試', '歷年成績單(含排名)', 55, '1. 學業成績：平均成績達 75 分以上\n2. 必修科目：普通物理、電磁學、量子力學\n3. 考試科目：普通物理、電磁學、量子力學\n4. 面試：口試（佔總成績 30%）\n5. 其他要求：需提交讀書計畫與研究計畫'),
(56, '物理學系電子物理組', '暫無簡介', 2, NULL, NULL, '口試', '歷年成績單(含排名)', 56, '1. 學業成績：平均成績達 75 分以上\n2. 必修科目：普通物理、電磁學、量子力學\n3. 考試科目：普通物理、電磁學、量子力學\n4. 面試：口試（佔總成績 30%）\n5. 其他要求：需提交讀書計畫與研究計畫'),
(57, '化學系', '暫無簡介', 6, NULL, NULL, '口試', '歷年成績單(含排名)', 57, '1. 學業成績：平均成績達 75 分以上\n2. 必修科目：普通化學、有機化學、物理化學\n3. 考試科目：普通化學、有機化學、物理化學\n4. 面試：口試（佔總成績 30%）\n5. 其他要求：需提交讀書計畫與研究計畫'),
(58, '資訊工程學系', '暫無簡介', 6, 6, NULL, '口試', '歷年成績單(含排名)', 58, '1. 學業成績：平均成績達 75 分以上\n2. 必修科目：程式設計、資料結構、計算機概論\n3. 考試科目：程式設計、資料結構、計算機概論\n4. 面試：口試（佔總成績 30%）\n5. 其他要求：需提交讀書計畫與研究計畫'),
(59, '人工智慧與資訊安全學士學位學程', '暫無簡介', 10, 12, 1, '1', '1.附歷年成績單正本一份。2.附自傳一份(含申請動機)。3.附讀書計畫一份', 59, '1. 學業成績：平均成績達 75 分以上\n2. 必修科目：程式設計、資料結構、計算機概論\n3. 考試科目：程式設計、資料結構、計算機概論\n4. 面試：口試（佔總成績 30%）\n5. 其他要求：需提交讀書計畫與研究計畫'),
(60, '跨領域全英語學士學位學程', '暫無簡介', 10, 10, NULL, '口試', '1.英文自傳(不超過A4一頁)2.英文讀書計畫3.英文版歷年成績單4.英文能力證明(例如語言檢定成績、學期報告或其它有利審查之文件)', 60, NULL);

-- --------------------------------------------------------

--
-- 資料表結構 `discussion_posts`
--

CREATE TABLE `discussion_posts` (
  `id` int(11) NOT NULL,
  `title` varchar(255) NOT NULL,
  `content` text NOT NULL,
  `department_name` varchar(255) CHARACTER SET utf8mb4 COLLATE utf8mb4_general_ci NOT NULL,
  `author_id` int(11) NOT NULL,
  `author_type` enum('student','admin') NOT NULL,
  `created_at` timestamp NOT NULL DEFAULT current_timestamp(),
  `updated_at` timestamp NOT NULL DEFAULT current_timestamp() ON UPDATE current_timestamp(),
  `status` enum('active','closed') DEFAULT 'active'
) ENGINE=InnoDB DEFAULT CHARSET=utf8mb4 COLLATE=utf8mb4_unicode_ci;

--
-- 傾印資料表的資料 `discussion_posts`
--

INSERT INTO `discussion_posts` (`id`, `title`, `content`, `department_name`, `author_id`, `author_type`, `created_at`, `updated_at`, `status`) VALUES
(1, '123', '123', '企業管理學系', 0, 'student', '2025-05-21 20:28:42', '2025-05-26 11:37:00', 'active'),
(2, 'ervrw', 'rgevdswr', '國際溝通與科技創新學士學位學程', 6, 'student', '2025-05-26 11:22:30', '2025-05-26 11:22:30', 'active'),
(3, 'injkml,', 'nom', '呼吸治療學系', 6, 'student', '2025-05-26 11:32:35', '2025-05-26 11:32:35', 'active'),
(5, 'utsy,', 'stytsj', '兒童與家庭學系', 6, 'student', '2025-05-26 11:37:58', '2025-05-26 11:37:58', 'active'),
(6, '111', '111', '國際溝通與科技創新學士學位學程', 13, 'student', '2025-05-29 05:56:02', '2025-05-29 05:56:02', 'active'),
(7, '111', 'lll', '哲學系', 13, 'student', '2025-05-29 07:39:40', '2025-05-29 07:39:40', 'active'),
(8, 'jj', 'jjj', '化學系', 13, 'student', '2025-05-29 08:26:47', '2025-05-29 08:26:47', 'active'),
(9, '1', '1', '兒童與家庭學系', 13, 'student', '2025-05-29 08:54:00', '2025-05-29 08:54:00', 'active');

-- --------------------------------------------------------

--
-- 資料表結構 `discussion_replies`
--

CREATE TABLE `discussion_replies` (
  `id` int(11) NOT NULL,
  `post_id` int(11) NOT NULL,
  `content` text NOT NULL,
  `author_id` int(11) NOT NULL,
  `author_type` enum('student','admin') NOT NULL,
  `parent_id` int(11) DEFAULT NULL,
  `level` int(11) DEFAULT 0,
  `created_at` timestamp NOT NULL DEFAULT current_timestamp(),
  `updated_at` timestamp NOT NULL DEFAULT current_timestamp() ON UPDATE current_timestamp()
) ENGINE=InnoDB DEFAULT CHARSET=utf8mb4 COLLATE=utf8mb4_unicode_ci;

--
-- 傾印資料表的資料 `discussion_replies`
--

INSERT INTO `discussion_replies` (`id`, `post_id`, `content`, `author_id`, `author_type`, `parent_id`, `level`, `created_at`, `updated_at`) VALUES
(1, 1, '哈囉', 1, 'student', NULL, 0, '2025-05-21 20:28:47', '2025-05-21 20:28:47'),
(2, 1, '你好', 1, 'student', NULL, 0, '2025-05-21 20:28:51', '2025-05-21 20:28:51'),
(7, 1, '郭麗婷', 1, 'student', NULL, 0, '2025-05-21 20:38:30', '2025-05-21 20:38:30'),
(8, 1, '安安', 1, 'student', 7, 1, '2025-05-21 20:38:34', '2025-05-21 20:38:34'),
(9, 1, '你好嗎', 1, 'student', 8, 1, '2025-05-21 20:38:42', '2025-05-21 20:38:42'),
(0, 1, 'cwkmcowe', 6, 'student', NULL, 0, '2025-05-26 11:22:08', '2025-05-26 11:22:08'),
(0, 5, '1111', 13, 'student', NULL, 0, '2025-05-29 05:56:23', '2025-05-29 05:56:23'),
(0, 5, '1233', 13, 'student', NULL, 0, '2025-05-29 07:37:10', '2025-05-29 07:37:10'),
(0, 7, 'jjj', 13, 'student', NULL, 0, '2025-05-29 07:39:50', '2025-05-29 07:39:50'),
(0, 7, '111', 13, 'student', NULL, 0, '2025-05-29 08:17:00', '2025-05-29 08:17:00'),
(0, 8, 'hhhh', 13, 'student', NULL, 0, '2025-05-29 08:26:58', '2025-05-29 08:26:58'),
(0, 8, 'hhhh', 13, 'student', NULL, 0, '2025-05-29 08:27:10', '2025-05-29 08:27:10');

-- --------------------------------------------------------

--
-- 資料表結構 `discussion_tags`
--

CREATE TABLE `discussion_tags` (
  `id` int(11) NOT NULL,
  `name` varchar(50) NOT NULL
) ENGINE=InnoDB DEFAULT CHARSET=utf8mb4 COLLATE=utf8mb4_unicode_ci;

--
-- 傾印資料表的資料 `discussion_tags`
--

INSERT INTO `discussion_tags` (`id`, `name`) VALUES
(4, '學分抵免'),
(2, '考試準備'),
(1, '轉系經驗'),
(3, '面試技巧');

-- --------------------------------------------------------

--
-- 資料表結構 `exam_schedule`
--

CREATE TABLE `exam_schedule` (
  `id` int(11) NOT NULL,
  `event` varchar(100) NOT NULL,
  `type` varchar(10) NOT NULL,
  `date` varchar(20) NOT NULL,
  `time` varchar(20) NOT NULL,
  `location` varchar(100) NOT NULL
) ENGINE=InnoDB DEFAULT CHARSET=utf8mb4 COLLATE=utf8mb4_general_ci;

--
-- 傾印資料表的資料 `exam_schedule`
--

INSERT INTO `exam_schedule` (`id`, `event`, `type`, `date`, `time`, `location`) VALUES
(1, '中國文學系', '面試', '由系辦聯繫告知', '由系辦聯繫告知', '由系辦聯繫告知'),
(2, '歷史學系', '面試', '由系辦聯繫告知', '由系辦聯繫告知', '由系辦聯繫告知'),
(3, '哲學系', '面試', '由系辦聯繫告知', '由系辦聯繫告知', '由系辦聯繫告知'),
(4, '人文與社區創新學士學位學程', '面試', '由系辦聯繫告知', '由系辦聯繫告知', '由系辦聯繫告知'),
(5, '音樂系', '筆試', '2025-03-17', '由系辦聯繫告知', '由系辦聯繫告知'),
(6, '音樂系', '面試', '2025-03-20', '由系辦聯繫告知', '由系辦聯繫告知'),
(7, '應用美術系', '筆試', '2025-04-23', '13:30~15:00', '由系辦聯繫告知'),
(8, '景觀設計學系', '面試', '2025-04-21', '10:00', '考試當日公告於藝術學院三樓'),
(9, '新聞傳播學系', '面試', '由系辦聯繫告知', '由系辦聯繫告知', '由系辦聯繫告知'),
(10, '影像傳播學系', '面試', '由系辦聯繫告知', '由系辦聯繫告知', '系辦聯繫告知'),
(11, '廣告傳播學系', '面試', '由系辦聯繫告知', '12:00', '廣告系辦'),
(12, '圖書資訊學系', '面試', '2025-04-16', '12:30', '文開樓LE507'),
(13, '教育領導與科技發展學士學位學程', '面試', '2025-04-18', '13:20', '文開樓LE615'),
(14, '公共衛生學系', '面試', '由系辦聯繫告知', '由系辦聯繫告知', '系辦聯繫告知'),
(15, '醫學系', '面試', '由系辦聯繫告知', '由系辦聯繫告知', '系辦聯繫告知'),
(16, '醫學系', '筆試', '由系辦聯繫告知', '由系辦聯繫告知', '系辦聯繫告知'),
(17, '護理學系', '面試', '由系辦聯繫告知', '由系辦聯繫告知', '系辦聯繫告知'),
(18, '職能治療學系', '面試', '2025-04-30', '13:15', '國璽樓MD847'),
(19, '臨床心理學系', '面試', '2025-04-14', '13:30', '國璽樓MD570'),
(20, '呼吸治療學系', '面試', '2025-04-16', '13:50', '國璽樓MD824'),
(21, '英國語文學系', '筆試', '2025-03-27', '12:30', '外語學院FG308'),
(22, '英國語文學系', '面試', '2025-04-16', '13:40', '系辦聯繫告知'),
(23, '法國語文學系', '面試', '2025-04-14', '12:35', '外語學院LA204'),
(24, '日本語文學系', '筆試', '2025-04-22', '12:40-13:30', '外語學院LA314'),
(25, '日本語文學系', '面試', '2025-04-23', '12:40', '外語學院LA114'),
(26, '義大利語文學系', '面試', '2025-04-18', '13:00', '外語學院LA214'),
(27, '國際溝通與科技創新學士學位學程(英文組)', '筆試', '2025-03-27', '12:30-13:30', '外語學院FG308'),
(28, '國際溝通與科技創新學士學位學程(英文組)', '面試', '2025-04-16', '13:40', '外語學院LA301'),
(29, '國際溝通與科技創新學士學位學程(義文組)', '筆試', '2025-04-16', '12:30-13:30', '外語學院FG308'),
(30, '國際溝通與科技創新學士學位學程(義文組)', '面試', '2025-04-18', '12:30-13:30', '外語學院FG308'),
(31, '織品服裝學系(織品服飾行銷組)', '面試', '由系辦聯繫告知', '由系辦聯繫告知', '系辦聯繫告知'),
(32, '織品服裝學系(服飾設計組)', '面試', '由系辦聯繫告知', '由系辦聯繫告知', '系辦聯繫告知'),
(33, '織品服裝學系(織品設計組)', '面試', '由系辦聯繫告知', '由系辦聯繫告知', '系辦聯繫告知'),
(34, '餐旅管理學系', '面試', '2025-04-16', '12:10', '民生學院HE101'),
(35, '食品科學系', '面試', '2025-04-23', '12:15-12:45', '食品科研大樓EP104'),
(36, '兒童與家庭學系', '面試', '2025-04-17', '12:30', '民生二館CF111'),
(37, '營養科學系', '面試', '2025-04-30', '01:30', '民生學院NF151'),
(38, '法律學系', '筆試', '2025-04-23', '13:40-15:30', '樹德樓LW214'),
(39, '財經法律學系', '筆試', '2025-04-23', '13:40-15:30', '樹德樓LW212'),
(40, '心理學系', '筆試', '2025-04-16', '12:30-14:00', '聖言樓SF237'),
(41, '心理學系', '面試', '2025-04-30', '12:20', '聖言樓SF844'),
(42, '社會工作學系', '面試', '由系辦聯繫告知', '由系辦聯繫告知', '系辦聯繫告知'),
(43, '經濟學系', '面試', '2025-04-16', '13:20', '羅耀拉大樓SL375'),
(44, '宗教學系', '面試', '2025-04-16', '12:10', '羅耀拉大樓SL340'),
(45, '金融與國際企業學系', '面試', '2025-04-23', '12:40', '利瑪竇大樓LM201'),
(46, '企業管理學系', '面試', '2025-04-23', '14:00', '系辦聯繫告知'),
(47, '會計學系', '面試', '2025-04-17', '12:30', '利瑪竇大樓LM201'),
(48, '資訊管理學系', '面試', '2025-04-25', '12:30~13:30', '利瑪竇大樓LM306'),
(49, '統計資訊學系', '筆試', '2025-04-14', '12:30~13:30', '利瑪竇大樓LM200'),
(50, '統計資訊學系', '面試', '2025-04-15', '12:30~13:00', '利瑪竇大樓LM202'),
(51, '數學系(資訊數學組)', '面試', '由系辦聯繫告知', '由系辦聯繫告知', '系辦聯繫告知'),
(52, '數學系(應用數學組)', '面試', '由系辦聯繫告知', '由系辦聯繫告知', '系辦聯繫告知'),
(53, '生命科學系', '面試', '2025-04-23', '13:00', '耕莘樓LS111'),
(54, '物理學系(物理組)', '面試', '由系辦聯繫告知', '由系辦聯繫告知', '系辦聯繫告知'),
(55, '物理學系(光電物理組)', '面試', '由系辦聯繫告知', '由系辦聯繫告知', '系辦聯繫告知'),
(56, '物理學系(電子物理組)', '面試', '由系辦聯繫告知', '由系辦聯繫告知', '系辦聯繫告知'),
(57, '化學系', '面試', '由系辦聯繫告知', '由系辦聯繫告知', '系辦聯繫告知'),
(58, '資訊工程學系', '面試', '由系辦聯繫告知', '由系辦聯繫告知', '系辦聯繫告知'),
(59, '跨領域全英語學士學位學程', '面試', '由系辦聯繫告知', '由系辦聯繫告知', '系辦聯繫告知');

-- --------------------------------------------------------

--
-- 資料表結構 `favorites`
--

CREATE TABLE `favorites` (
  `id` int(11) NOT NULL,
  `user_id` int(11) NOT NULL,
  `department_name` varchar(255) NOT NULL,
  `created_at` timestamp NOT NULL DEFAULT current_timestamp()
) ENGINE=InnoDB DEFAULT CHARSET=utf8mb4 COLLATE=utf8mb4_general_ci;

--
-- 傾印資料表的資料 `favorites`
--

INSERT INTO `favorites` (`id`, `user_id`, `department_name`, `created_at`) VALUES
(4, 6, '兒童與家庭學系', '2025-05-26 13:38:07'),
(8, 6, '中國文學系', '2025-05-26 13:45:14'),
(17, 13, '中國文學系', '2025-05-30 16:41:20');

-- --------------------------------------------------------

--
-- 資料表結構 `password_resets`
--

CREATE TABLE `password_resets` (
  `id` int(11) NOT NULL,
  `email` varchar(255) NOT NULL,
  `token` varchar(64) NOT NULL,
  `expires_at` datetime NOT NULL,
  `created_at` timestamp NOT NULL DEFAULT current_timestamp()
) ENGINE=InnoDB DEFAULT CHARSET=utf8mb4 COLLATE=utf8mb4_general_ci;

-- --------------------------------------------------------

--
-- 資料表結構 `post_favorites`
--

CREATE TABLE `post_favorites` (
  `id` int(11) NOT NULL,
  `post_id` int(11) NOT NULL,
  `user_id` int(11) NOT NULL,
  `created_at` timestamp NOT NULL DEFAULT current_timestamp()
) ENGINE=InnoDB DEFAULT CHARSET=utf8mb4 COLLATE=utf8mb4_unicode_ci;

--
-- 傾印資料表的資料 `post_favorites`
--

INSERT INTO `post_favorites` (`id`, `post_id`, `user_id`, `created_at`) VALUES
(1, 1, 1, '2025-05-21 20:36:36'),
(0, 0, 6, '2025-05-26 11:26:13'),
(0, 3, 6, '2025-05-26 12:12:37'),
(0, 5, 13, '2025-05-29 07:37:03'),
(0, 6, 13, '2025-05-29 07:38:43'),
(0, 7, 13, '2025-05-29 07:39:45'),
(0, 8, 13, '2025-05-29 08:26:54');

-- --------------------------------------------------------

--
-- 資料表結構 `post_likes`
--

CREATE TABLE `post_likes` (
  `id` int(11) NOT NULL,
  `post_id` int(11) NOT NULL,
  `user_id` int(11) NOT NULL,
  `created_at` timestamp NOT NULL DEFAULT current_timestamp()
) ENGINE=InnoDB DEFAULT CHARSET=utf8mb4 COLLATE=utf8mb4_unicode_ci;

--
-- 傾印資料表的資料 `post_likes`
--

INSERT INTO `post_likes` (`id`, `post_id`, `user_id`, `created_at`) VALUES
(2, 1, 1, '2025-05-21 20:36:34'),
(0, 1, 6, '2025-05-26 11:03:16'),
(0, 0, 6, '2025-05-26 11:26:12'),
(0, 3, 6, '2025-05-26 12:12:38'),
(0, 5, 13, '2025-05-29 07:37:01'),
(0, 7, 13, '2025-05-29 07:39:46'),
(0, 8, 13, '2025-05-29 08:26:53');

-- --------------------------------------------------------

--
-- 資料表結構 `post_tags`
--

CREATE TABLE `post_tags` (
  `post_id` int(11) NOT NULL,
  `tag_id` int(11) NOT NULL
) ENGINE=InnoDB DEFAULT CHARSET=utf8mb4 COLLATE=utf8mb4_unicode_ci;

--
-- 傾印資料表的資料 `post_tags`
--

INSERT INTO `post_tags` (`post_id`, `tag_id`) VALUES
(0, 2),
(0, 3),
(5, 2),
(6, 4),
(6, 3),
(7, 3),
(8, 4);

-- --------------------------------------------------------

--
-- 資料表結構 `system_settings`
--

CREATE TABLE `system_settings` (
  `id` int(11) NOT NULL,
  `maintenance_mode` tinyint(1) DEFAULT 0,
  `maintenance_message` text DEFAULT NULL,
  `created_at` datetime NOT NULL,
  `updated_at` datetime NOT NULL
) ENGINE=InnoDB DEFAULT CHARSET=utf8mb4 COLLATE=utf8mb4_general_ci;

--
-- 傾印資料表的資料 `system_settings`
--

INSERT INTO `system_settings` (`id`, `maintenance_mode`, `maintenance_message`, `created_at`, `updated_at`) VALUES
(1, 0, '系統正在進行維護，請稍後再試。', '2025-05-26 14:21:35', '2025-05-26 14:29:32');

-- --------------------------------------------------------

--
-- 資料表結構 `time_table`
--

CREATE TABLE `time_table` (
  `id` int(11) NOT NULL,
  `date` varchar(20) NOT NULL,
  `event` varchar(100) NOT NULL,
  `type` varchar(10) DEFAULT NULL,
  `time` varchar(20) NOT NULL,
  `location` varchar(100) NOT NULL
) ENGINE=InnoDB DEFAULT CHARSET=utf8mb4 COLLATE=utf8mb4_general_ci;

--
-- 傾印資料表的資料 `time_table`
--

INSERT INTO `time_table` (`id`, `date`, `event`, `type`, `time`, `location`) VALUES
(1, '2025-03-10', '音樂系申請開始', NULL, '08:00', '音樂系辦AM206'),
(2, '2025-03-14', '音樂系申請結束', NULL, '16:30', '音樂系辦AM206'),
(3, '2025-03-24', '申請開始(不包含音樂系)', NULL, '01:00', '繳至申請學系辦公室'),
(4, '2025-03-26', '申請結束(不包含音樂系)', NULL, '23:59', '繳至申請學系辦公室'),
(5, '2025-05-12', '公告結果', NULL, '12:00', 'Email通知'),
(6, '由系辦聯繫告知', '中國文學系', '面試', '由系辦聯繫告知', '由系辦聯繫告知'),
(7, '由系辦聯繫告知', '歷史學系', '面試', '由系辦聯繫告知', '由系辦聯繫告知'),
(8, '由系辦聯繫告知', '哲學系', '面試', '由系辦聯繫告知', '由系辦聯繫告知'),
(9, '由系辦聯繫告知', '人文與社區創新學士學位學程', '面試', '由系辦聯繫告知', '由系辦聯繫告知'),
(10, '2025-03-17', '音樂系', '筆試', '由系辦聯繫告知', '由系辦聯繫告知'),
(11, '2025-03-20', '音樂系', '面試', '由系辦聯繫告知', '由系辦聯繫告知'),
(12, '2025-04-23', '應用美術系', '筆試', '13:30~15:00', '由系辦聯繫告知'),
(13, '2025-04-21', '景觀設計學系', '面試', '10:00', '考試當日公告於藝術學院三樓'),
(14, '由系辦聯繫告知', '新聞傳播學系', '面試', '由系辦聯繫告知', '由系辦聯繫告知'),
(15, '由系辦聯繫告知', '影像傳播學系', '面試', '由系辦聯繫告知', '系辦聯繫告知'),
(16, '由系辦聯繫告知', '廣告傳播學系', '面試', '12:00', '廣告系辦'),
(17, '2025-04-16', '圖書資訊學系', '面試', '12:30', '文開樓LE507'),
(18, '2025-04-18', '教育領導與科技發展學士學位學程', '面試', '13:20', '文開樓LE615'),
(19, '由系辦聯繫告知', '公共衛生學系', '面試', '由系辦聯繫告知', '系辦聯繫告知'),
(20, '由系辦聯繫告知', '醫學系', '面試', '由系辦聯繫告知', '系辦聯繫告知'),
(21, '由系辦聯繫告知', '醫學系', '筆試', '由系辦聯繫告知', '系辦聯繫告知'),
(22, '由系辦聯繫告知', '護理學系', '面試', '由系辦聯繫告知', '系辦聯繫告知'),
(23, '2025-04-30', '職能治療學系', '面試', '13:15', '國璽樓MD847'),
(24, '2025-04-14', '臨床心理學系', '面試', '13:30', '國璽樓MD570'),
(25, '2025-04-16', '呼吸治療學系', '面試', '13:50', '國璽樓MD824'),
(26, '2025-03-27', '英國語文學系', '筆試', '12:30', '外語學院FG308'),
(27, '2025-04-16', '英國語文學系', '面試', '13:40', '系辦聯繫告知'),
(28, '2025-04-14', '法國語文學系', '面試', '12:35', '外語學院LA204'),
(29, '2025-04-22', '日本語文學系', '筆試', '12:40-13:30', '外語學院LA314'),
(30, '2025-04-23', '日本語文學系', '面試', '12:40', '外語學院LA114'),
(31, '2025-04-18', '義大利語文學系', '面試', '13:00', '外語學院LA214'),
(32, '2025-03-27', '國際溝通與科技創新學士學位學程(英文組)', '筆試', '12:30-13:30', '外語學院FG308'),
(33, '2025-04-16', '國際溝通與科技創新學士學位學程(英文組)', '面試', '13:40', '外語學院LA301'),
(34, '2025-04-16', '國際溝通與科技創新學士學位學程(義文組)', '筆試', '12:30-13:30', '外語學院FG308'),
(35, '2025-04-18', '國際溝通與科技創新學士學位學程(義文組)', '面試', '12:30-13:30', '外語學院FG308'),
(36, '由系辦聯繫告知', '織品服裝學系(織品服飾行銷組)', '面試', '由系辦聯繫告知', '系辦聯繫告知'),
(37, '由系辦聯繫告知', '織品服裝學系(服飾設計組)', '面試', '由系辦聯繫告知', '系辦聯繫告知'),
(38, '由系辦聯繫告知', '織品服裝學系(織品設計組)', '面試', '由系辦聯繫告知', '系辦聯繫告知'),
(39, '2025-04-16', '餐旅管理學系', '面試', '12:10', '民生學院HE101'),
(40, '2025-04-23', '食品科學系', '面試', '12:15-12:45', '食品科研大樓EP104'),
(41, '2025-04-17', '兒童與家庭學系', '面試', '12:30', '民生二館CF111'),
(42, '2025-04-30', '營養科學系', '面試', '01:30', '民生學院NF151'),
(43, '2025-04-23', '法律學系', '筆試', '13:40-15:30', '樹德樓LW214'),
(44, '2025-04-23', '財經法律學系', '筆試', '13:40-15:30', '樹德樓LW212'),
(45, '2025-04-16', '心理學系', '筆試', '12:30-14:00', '聖言樓SF237'),
(46, '2025-04-30', '心理學系', '面試', '12:20', '聖言樓SF844'),
(47, '由系辦聯繫告知', '社會工作學系', '面試', '由系辦聯繫告知', '系辦聯繫告知'),
(48, '2025-04-16', '經濟學系', '面試', '13:20', '羅耀拉大樓SL375'),
(49, '2025-04-16', '宗教學系', '面試', '12:10', '羅耀拉大樓SL340'),
(50, '2025-04-23', '金融與國際企業學系', '面試', '12:40', '利瑪竇大樓LM201'),
(51, '2025-04-23', '企業管理學系', '面試', '14:00', '系辦聯繫告知'),
(52, '2025-04-17', '會計學系', '面試', '12:30', '利瑪竇大樓LM201'),
(53, '2025-04-25', '資訊管理學系', '面試', '12:30~13:30', '利瑪竇大樓LM306'),
(54, '2025-04-14', '統計資訊學系', '筆試', '12:30~13:30', '利瑪竇大樓LM200'),
(55, '2025-04-15', '統計資訊學系', '面試', '12:30~13:00', '利瑪竇大樓LM202'),
(56, '由系辦聯繫告知', '數學系(資訊數學組)', '面試', '由系辦聯繫告知', '系辦聯繫告知'),
(57, '由系辦聯繫告知', '數學系(應用數學組)', '面試', '由系辦聯繫告知', '系辦聯繫告知'),
(58, '2025-04-23', '生命科學系', '面試', '13:00', '耕莘樓LS111'),
(59, '由系辦聯繫告知', '物理學系(物理組)', '面試', '由系辦聯繫告知', '系辦聯繫告知'),
(60, '由系辦聯繫告知', '物理學系(光電物理組)', '面試', '由系辦聯繫告知', '系辦聯繫告知'),
(61, '由系辦聯繫告知', '物理學系(電子物理組)', '面試', '由系辦聯繫告知', '系辦聯繫告知'),
(62, '由系辦聯繫告知', '化學系', '面試', '由系辦聯繫告知', '系辦聯繫告知'),
(63, '由系辦聯繫告知', '資訊工程學系', '面試', '由系辦聯繫告知', '系辦聯繫告知'),
(64, '由系辦聯繫告知', '跨領域全英語學士學位學程', '面試', '由系辦聯繫告知', '系辦聯繫告知');

-- --------------------------------------------------------

--
-- 資料表結構 `transfer_schedule`
--

CREATE TABLE `transfer_schedule` (
  `id` int(11) NOT NULL,
  `event` varchar(100) NOT NULL,
  `date` date NOT NULL,
  `time` time NOT NULL,
  `location` varchar(255) NOT NULL
) ENGINE=InnoDB DEFAULT CHARSET=utf8mb4 COLLATE=utf8mb4_general_ci;

--
-- 傾印資料表的資料 `transfer_schedule`
--

INSERT INTO `transfer_schedule` (`id`, `event`, `date`, `time`, `location`) VALUES
(1, '音樂系申請開始', '2025-03-10', '08:00:00', '音樂系辦AM206'),
(2, '音樂系申請結束', '2025-03-14', '16:30:00', '音樂系辦AM206'),
(3, '申請開始(不包含音樂系)', '2025-03-24', '01:00:00', '繳至申請學系辦公室'),
(4, '申請結束(不包含音樂系)', '2025-03-26', '23:59:00', '繳至申請學系辦公室'),
(5, '公告結果', '2025-05-12', '12:00:00', 'Email通知');

-- --------------------------------------------------------

--
-- 資料表結構 `users`
--

CREATE TABLE `users` (
  `id` int(11) NOT NULL,
  `student_id` varchar(20) NOT NULL,
  `name` varchar(100) NOT NULL,
  `email` varchar(255) NOT NULL,
  `password` varchar(255) NOT NULL,
  `created_at` timestamp NOT NULL DEFAULT current_timestamp(),
  `role` enum('admin','user') NOT NULL DEFAULT 'user'
) ENGINE=InnoDB DEFAULT CHARSET=utf8mb4 COLLATE=utf8mb4_general_ci;

--
-- 傾印資料表的資料 `users`
--

INSERT INTO `users` (`id`, `student_id`, `name`, `email`, `password`, `created_at`, `role`) VALUES
(5, 'admin001', '系統管理員', 'admin@fju.edu.tw', '$2y$10$QZKU3P1VBdiAIYL6a/sxG.q5Qx58wVyOnQcrslybIEfKDeys.c6f6', '2025-05-21 01:57:40', 'admin'),
(6, 'admin002', '郭', 'justinguo0110@gmail.com', '$2y$10$lU4lnkSc9umtUMojtMX9m.Z2p7yNKzSNp0WpR.fj78uf6XKzEf.Mi', '2025-05-25 19:17:15', 'user'),
(7, '1', '1', 'justinguo0110@gmail.com', '$2y$10$ZomFQ/rgcTdd0xqS8SaXNen0WQZ7IQNvYRozgYmT/s60BY5Q05/Ei', '2025-05-26 06:07:07', 'user'),
(9, '123', '123', 'cwcefcw@gmail.com', '$2y$10$WNIbAi6bTAyg8KJ4e0z0iudDKYwGtV8wFY6VCuFaW0G8VAxrVKxdy', '2025-05-26 10:51:36', 'user'),
(13, '412401276', '曾', 'kyliem512mk@gmail.com', '$2y$10$oAMggX2Z8xAFLNlev9gI..nyoS45bhMugQoox0HC0EXzXqtuGdtO2', '2025-05-28 12:31:43', 'user'),
(15, '412302298', '鄭得諼', 'cvu31161a@gmail.com', '$2y$10$kxiv0cbPne7s7lTm0Y4Vm.a3qAyF9zJJxEDx6jrt5CYzkul9ibnFS', '2025-06-01 02:00:26', 'admin'),
(16, '123456', '鄭', 'ttcps100211@ttcps.ntpc.edu.tw', '$2y$10$xKvDnaqAuxbvmyONQFVwQ.DeIFLR9tQjT0Ds2gLpGqKoe08Xn/SDS', '2025-06-01 02:21:25', 'user');

--
-- 已傾印資料表的索引
--

--
-- 資料表索引 `browse_history`
--
ALTER TABLE `browse_history`
  ADD PRIMARY KEY (`id`),
  ADD KEY `idx_user_viewed` (`user_id`,`viewed_at`);

--
-- 資料表索引 `compare_list`
--
ALTER TABLE `compare_list`
  ADD PRIMARY KEY (`id`),
  ADD UNIQUE KEY `unique_user_department` (`user_id`,`department_name`);

--
-- 資料表索引 `departments`
--
ALTER TABLE `departments`
  ADD PRIMARY KEY (`id`);

--
-- 資料表索引 `departmenttransfer`
--
ALTER TABLE `departmenttransfer`
  ADD PRIMARY KEY (`id`),
  ADD KEY `dept_id` (`dept_id`);

--
-- 資料表索引 `discussion_posts`
--
ALTER TABLE `discussion_posts`
  ADD PRIMARY KEY (`id`);

--
-- 資料表索引 `exam_schedule`
--
ALTER TABLE `exam_schedule`
  ADD PRIMARY KEY (`id`);

--
-- 資料表索引 `favorites`
--
ALTER TABLE `favorites`
  ADD PRIMARY KEY (`id`),
  ADD UNIQUE KEY `unique_favorite` (`user_id`,`department_name`);

--
-- 資料表索引 `system_settings`
--
ALTER TABLE `system_settings`
  ADD PRIMARY KEY (`id`);

--
-- 資料表索引 `time_table`
--
ALTER TABLE `time_table`
  ADD PRIMARY KEY (`id`);

--
-- 資料表索引 `transfer_schedule`
--
ALTER TABLE `transfer_schedule`
  ADD PRIMARY KEY (`id`);

--
-- 資料表索引 `users`
--
ALTER TABLE `users`
  ADD PRIMARY KEY (`id`);

--
-- 在傾印的資料表使用自動遞增(AUTO_INCREMENT)
--

--
-- 使用資料表自動遞增(AUTO_INCREMENT) `browse_history`
--
ALTER TABLE `browse_history`
  MODIFY `id` int(11) NOT NULL AUTO_INCREMENT, AUTO_INCREMENT=126;

--
-- 使用資料表自動遞增(AUTO_INCREMENT) `compare_list`
--
ALTER TABLE `compare_list`
  MODIFY `id` int(11) NOT NULL AUTO_INCREMENT, AUTO_INCREMENT=52;

--
-- 使用資料表自動遞增(AUTO_INCREMENT) `departments`
--
ALTER TABLE `departments`
  MODIFY `id` int(11) NOT NULL AUTO_INCREMENT, AUTO_INCREMENT=63;

--
-- 使用資料表自動遞增(AUTO_INCREMENT) `departmenttransfer`
--
ALTER TABLE `departmenttransfer`
  MODIFY `id` int(11) NOT NULL AUTO_INCREMENT, AUTO_INCREMENT=63;

--
-- 使用資料表自動遞增(AUTO_INCREMENT) `discussion_posts`
--
ALTER TABLE `discussion_posts`
  MODIFY `id` int(11) NOT NULL AUTO_INCREMENT, AUTO_INCREMENT=10;

--
-- 使用資料表自動遞增(AUTO_INCREMENT) `exam_schedule`
--
ALTER TABLE `exam_schedule`
  MODIFY `id` int(11) NOT NULL AUTO_INCREMENT, AUTO_INCREMENT=61;

--
-- 使用資料表自動遞增(AUTO_INCREMENT) `favorites`
--
ALTER TABLE `favorites`
  MODIFY `id` int(11) NOT NULL AUTO_INCREMENT, AUTO_INCREMENT=18;

--
-- 使用資料表自動遞增(AUTO_INCREMENT) `system_settings`
--
ALTER TABLE `system_settings`
  MODIFY `id` int(11) NOT NULL AUTO_INCREMENT, AUTO_INCREMENT=2;

--
-- 使用資料表自動遞增(AUTO_INCREMENT) `time_table`
--
ALTER TABLE `time_table`
  MODIFY `id` int(11) NOT NULL AUTO_INCREMENT, AUTO_INCREMENT=65;

--
-- 使用資料表自動遞增(AUTO_INCREMENT) `transfer_schedule`
--
ALTER TABLE `transfer_schedule`
  MODIFY `id` int(11) NOT NULL AUTO_INCREMENT, AUTO_INCREMENT=7;

--
-- 使用資料表自動遞增(AUTO_INCREMENT) `users`
--
ALTER TABLE `users`
  MODIFY `id` int(11) NOT NULL AUTO_INCREMENT, AUTO_INCREMENT=17;

--
-- 已傾印資料表的限制式
--

--
-- 資料表的限制式 `compare_list`
--
ALTER TABLE `compare_list`
  ADD CONSTRAINT `compare_list_ibfk_1` FOREIGN KEY (`user_id`) REFERENCES `users` (`id`) ON DELETE CASCADE;

--
-- 資料表的限制式 `favorites`
--
ALTER TABLE `favorites`
  ADD CONSTRAINT `favorites_ibfk_1` FOREIGN KEY (`user_id`) REFERENCES `users` (`id`) ON DELETE CASCADE;
COMMIT;

/*!40101 SET CHARACTER_SET_CLIENT=@OLD_CHARACTER_SET_CLIENT */;
/*!40101 SET CHARACTER_SET_RESULTS=@OLD_CHARACTER_SET_RESULTS */;
/*!40101 SET COLLATION_CONNECTION=@OLD_COLLATION_CONNECTION */;
